id,	longitude,	latitude,	anomaly_type,	confidence,	created_at
1130,	73.99233754617939,	15.40886163861745,Rumbler,	0.6045938682880538,	2025-04-05 10:25:29
1131,	73.99235554166252,	15.408825647651183,Rumbler,	0.19452765131514294,	2025-04-05 10:25:29
1132,	73.99239153262877,	15.408825647651183,Rumbler,	0.5458393200821319,	2025-04-05 10:25:29
1133,	73.99238253488721,	15.408870636359017,Rumbler,	0.07195649197676146,	2025-04-05 10:25:29
1134,	73.99239153262877,	15.408780658943348,Rumbler,	0.1732060718374805,	2025-04-05 10:25:29
1135,	73.99227456198841,	15.408924622808419,Rumbler,	0.24749210224917317,	2025-04-05 10:25:29
1136,	73.99237353714564,	15.408780658943348,Rumbler,	0.999064912858829,	2025-04-05 10:25:29
1137,	73.99232854843781,	15.408762663460214,Rumbler,	0.04112090074800567,	2025-04-05 10:25:29
1138,	73.99227456198841,	15.40886163861745,Rumbler,	0.6944194941681819,	2025-04-05 10:25:29
1139,	73.99229255747154,	15.408771661201781,Rumbler,	0.9217252926861168,	2025-04-05 10:25:29
1140,	73.99240364676324,	15.408607525812702,Pothole,	0.025550851527299523,	2025-04-05 10:25:29
1141,	73.99226868063974,	15.408571534846434,Pothole,	0.4487359945165843,	2025-04-05 10:25:29
1142,	73.99234966031383,	15.408661512262103,Pothole,	0.7205713648444764,	2025-04-05 10:25:29
1143,	73.9923856512801,	15.408598528071135,Pothole,	0.3833696405122696,	2025-04-05 10:25:29
1144,	73.9924126445048,	15.408697503228371,Pothole,	0.8419969917174994,	2025-04-05 10:25:29
1145,	73.99239464902166,	15.4085265461386,Pothole,	0.2376773070328243,	2025-04-05 10:25:29
1146,	73.99225968289817,	15.408697503228371,Pothole,	0.139886731739578,	2025-04-05 10:25:29
1147,	73.99225968289817,	15.408652514520536,Pothole,	0.26541790113496566,	2025-04-05 10:25:29
1148,	73.99231366934757,	15.408580532588001,Pothole,	0.4587246714630334,	2025-04-05 10:25:29
1149,	73.99229567386443,	15.40864351677897,Pothole,	0.8285059209915739,	2025-04-05 10:25:29
1150,	73.99218491184376,	15.408570149513594,Rumbler,	0.7382782466752809,	2025-04-05 10:25:29
1151,	73.99215791861907,	15.408678122412397,Rumbler,	0.6688200890864899,	2025-04-05 10:25:29
1152,	73.99207693894496,	15.408561151772027,Rumbler,	0.17765722103051884,	2025-04-05 10:25:29
1153,	73.99217591410219,	15.408687120153964,Rumbler,	0.4335451965133199,	2025-04-05 10:25:29
1154,	73.9920949344281,	15.40869611789553,Rumbler,	0.7651609262252603,	2025-04-05 10:25:29
1155,	73.9922568937763,	15.408615138221428,Rumbler,	0.737152930329986,	2025-04-05 10:25:29
1156,	73.9922568937763,	15.408660126929263,Rumbler,	0.5571124501950284,	2025-04-05 10:25:29
1157,	73.99222990055159,	15.408570149513594,Rumbler,	0.8575573563415813,	2025-04-05 10:25:29
1158,	73.99222090281003,	15.40869611789553,Rumbler,	0.9636231865918379,	2025-04-05 10:25:29
1159,	73.9921219276528,	15.408570149513594,Rumbler,	0.43362022613278495,	2025-04-05 10:25:29
1160,	73.99225672146481,	15.408878197604707,SpeedBreaker,	0.47917890799226937,	2025-04-05 10:25:29
1161,	73.99232870339735,	15.408788220189038,SpeedBreaker,	0.4953885597887643,	2025-04-05 10:25:29
1162,	73.99229271243108,	15.408914188570975,SpeedBreaker,	0.03732806821679113,	2025-04-05 10:25:29
1163,	73.99228371468952,	15.408833208896873,SpeedBreaker,	0.988721268851374,	2025-04-05 10:25:29
1164,	73.99240968307144,	15.408860202121573,SpeedBreaker,	0.017507411703084674,	2025-04-05 10:25:29
1165,	73.99229271243108,	15.408779222447471,SpeedBreaker,	0.09641050759407144,	2025-04-05 10:25:29
1166,	73.99228371468952,	15.40895917727881,SpeedBreaker,	0.8894374841961851,	2025-04-05 10:25:29
1167,	73.99225672146481,	15.408950179537243,SpeedBreaker,	0.9955960979346853,	2025-04-05 10:25:29
1168,	73.99237369210518,	15.40884220663844,SpeedBreaker,	0.5129574951240281,	2025-04-05 10:25:29
1169,	73.99223872598168,	15.408824211155306,SpeedBreaker,	0.2917632643850391,	2025-04-05 10:25:29
1170,	74.00960720437185,	15.369644366508993,Rumbler,	0.35223461349687,	2025-04-05 10:25:29
1171,	74.00953522243931,	15.369491404902355,Rumbler,	0.8349868532153107,	2025-04-05 10:25:29
1172,	74.00953522243931,	15.36962637102586,Rumbler,	0.3005732865073719,	2025-04-05 10:25:29
1173,	74.00966119082125,	15.369590380059591,Rumbler,	0.8328056768543759,	2025-04-05 10:25:29
1174,	74.00965219307967,	15.369482407160788,Rumbler,	0.3695145914665807,	2025-04-05 10:25:29
1175,	74.00956221566402,	15.36962637102586,Rumbler,	0.33901009512660607,	2025-04-05 10:25:29
1176,	74.00952622469775,	15.369635368767426,Rumbler,	0.3500501233985477,	2025-04-05 10:25:29
1177,	74.00949023373148,	15.369545391351757,Rumbler,	0.7768407326239544,	2025-04-05 10:25:29
1178,	74.00959820663027,	15.369644366508993,Rumbler,	0.0032856908289302655,	2025-04-05 10:25:29
1179,	74.00949023373148,	15.369509400385489,Rumbler,	0.3833346065933535,	2025-04-05 10:25:29
1180,	74.00971073376685,	15.370377489577836,SpeedBreaker,	0.854013266592805,	2025-04-05 10:25:29
1181,	74.00971973150841,	15.370269516679032,SpeedBreaker,	0.5295161127127769,	2025-04-05 10:25:29
1182,	74.00977371795781,	15.370314505386867,SpeedBreaker,	0.5703656498364904,	2025-04-05 10:25:29
1183,	74.00972872924999,	15.370368491836269,SpeedBreaker,	0.33482616439397883,	2025-04-05 10:25:29
1184,	74.00985469763191,	15.3702785144206,SpeedBreaker,	0.6207209570975478,	2025-04-05 10:25:29
1185,	74.00986369537348,	15.3703055076453,SpeedBreaker,	0.6054402167770309,	2025-04-05 10:25:29
1186,	74.00988169085662,	15.370296509903733,SpeedBreaker,	0.04186836269418759,	2025-04-05 10:25:29
1187,	74.00976472021625,	15.37042247828567,SpeedBreaker,	0.5211878488880546,	2025-04-05 10:25:29
1188,	74.00982770440721,	15.370404482802536,SpeedBreaker,	0.416163314512182,	2025-04-05 10:25:29
1189,	74.00987269311504,	15.370359494094702,SpeedBreaker,	0.11377881323884387,	2025-04-05 10:25:29
1190,	74.00980527327424,	15.370655517729208,Rumbler,	0.9687440078361955,	2025-04-05 10:25:29
1191,	74.00989525068991,	15.370691508695476,Rumbler,	0.33497752645156265,	2025-04-05 10:25:29
1192,	74.00989525068991,	15.370556542571972,Rumbler,	0.40560878600572636,	2025-04-05 10:25:29
1193,	74.00994923713931,	15.370673513212342,Rumbler,	0.5409095817088725,	2025-04-05 10:25:29
1194,	74.0099222439146,	15.370700506437043,Rumbler,	0.1262485967585566,	2025-04-05 10:25:29
1195,	74.00987725520677,	15.370628524504507,Rumbler,	0.4656367225748085,	2025-04-05 10:25:29
1196,	74.00991324617304,	15.370637522246074,Rumbler,	0.234866461493354,	2025-04-05 10:25:29
1197,	74.00980527327424,	15.37070950417861,Rumbler,	0.7792447020844782,	2025-04-05 10:25:29
1198,	74.00980527327424,	15.370601531279807,Rumbler,	0.6961473317213054,	2025-04-05 10:25:29
1199,	74.00993124165618,	15.37061952676294,Rumbler,	0.8276558546585899,	2025-04-05 10:25:29
1200,	73.98628360131407,	15.416110603238922,Rumbler,	0.5012303505876312,	2025-04-05 10:25:29
1201,	73.98639157421287,	15.416155591946756,Rumbler,	0.04745017146724195,	2025-04-05 10:25:29
1202,	73.9864365629207,	15.416101605497355,Rumbler,	0.8101630379026361,	2025-04-05 10:25:29
1203,	73.98644556066228,	15.416155591946756,Rumbler,	0.08247934144676716,	2025-04-05 10:25:29
1204,	73.98639157421287,	15.416110603238922,Rumbler,	0.17113163123934705,	2025-04-05 10:25:29
1205,	73.98640956969601,	15.416083610014221,Rumbler,	0.7615356676412152,	2025-04-05 10:25:29
1206,	73.98631959228034,	15.416083610014221,Rumbler,	0.5265539630216078,	2025-04-05 10:25:29
1207,	73.98645455840384,	15.416020625823252,Rumbler,	0.4182599248675133,	2025-04-05 10:25:29
1208,	73.98639157421287,	15.416110603238922,Rumbler,	0.6031558080963567,	2025-04-05 10:25:29
1209,	73.98639157421287,	15.416101605497355,Rumbler,	0.44508132399995526,	2025-04-05 10:25:29
1210,	73.98824405576232,	15.413733315053399,Rumbler,	0.8182625503660895,	2025-04-05 10:25:29
1211,	73.98826205124546,	15.413796299244368,Rumbler,	0.6097606239491457,	2025-04-05 10:25:29
1212,	73.98821706253763,	15.413661333120864,Rumbler,	0.9218100369427936,	2025-04-05 10:25:29
1213,	73.98816307608823,	15.413688326345564,Rumbler,	0.4580553202563299,	2025-04-05 10:25:29
1214,	73.98822606027919,	15.413652335379297,Rumbler,	0.04859419934918796,	2025-04-05 10:25:29
1215,	73.98827104898702,	15.413742312794966,Rumbler,	0.7608128938538815,	2025-04-05 10:25:29
1216,	73.98831603769486,	15.413652335379297,Rumbler,	0.33318179238532375,	2025-04-05 10:25:29
1217,	73.98830703995328,	15.413751310536533,Rumbler,	0.24618174968344464,	2025-04-05 10:25:29
1218,	73.98822606027919,	15.413733315053399,Rumbler,	0.15675402180003017,	2025-04-05 10:25:29
1219,	73.98816307608823,	15.413652335379297,Rumbler,	0.13453247598818574,	2025-04-05 10:25:29
1220,	73.98137887376276,	15.419577610276624,Cracks,	0.9168922793117942,	2025-04-05 10:25:29
1221,	73.98136987602119,	15.419631596726026,Cracks,	0.502440399789049,	2025-04-05 10:25:29
1222,	73.98127090086396,	15.419640594467593,Cracks,	0.14881514885896063,	2025-04-05 10:25:29
1223,	73.98127989860554,	15.419595605759758,Cracks,	0.4307699209759406,	2025-04-05 10:25:29
1224,	73.98137887376276,	15.419613601242892,Cracks,	0.5616782854927143,	2025-04-05 10:25:29
1225,	73.9813428827965,	15.419595605759758,Cracks,	0.9238934544306293,	2025-04-05 10:25:29
1226,	73.98142386247059,	15.419505628344089,Cracks,	0.6487661753874332,	2025-04-05 10:25:29
1227,	73.98135188053807,	15.41955961479349,Cracks,	0.12558641252334957,	2025-04-05 10:25:29
1228,	73.98133388505494,	15.419604603501325,Cracks,	0.6647054749058188,	2025-04-05 10:25:29
1229,	73.98133388505494,	15.41955961479349,Cracks,	0.4958626338345744,	2025-04-05 10:25:29
1230,	73.98848140547679,	15.413432667628644,Pothole,	0.22393462401727293,	2025-04-05 10:25:29
1231,	73.98863436708342,	15.41338767892081,Pothole,	0.9687600653682605,	2025-04-05 10:25:29
1232,	73.98856238515089,	15.413477656336479,Pothole,	0.2673581111848895,	2025-04-05 10:25:29
1233,	73.98853539192619,	15.413360685696109,Pothole,	0.7310170334382736,	2025-04-05 10:25:29
1234,	73.98852639418462,	15.413423669887077,Pothole,	0.2306172677131476,	2025-04-05 10:25:29
1235,	73.98856238515089,	15.413342690212975,Pothole,	0.4955334790564072,	2025-04-05 10:25:29
1236,	73.98846340999366,	15.413342690212975,Pothole,	0.6064272140317796,	2025-04-05 10:25:29
1237,	73.98856238515089,	15.413441665370211,Pothole,	0.8462242756495487,	2025-04-05 10:25:29
1238,	73.98861637160029,	15.413441665370211,Pothole,	0.6362002695121243,	2025-04-05 10:25:29
1239,	73.98860737385871,	15.413405674403943,Pothole,	0.5897948552198711,	2025-04-05 10:25:29
1240,	73.98854486082833,	15.413205771385945,Rumbler,	0.432256135262163,	2025-04-05 10:25:29
1241,	73.98858085179458,	15.41327775331848,Rumbler,	0.7878710282772953,	2025-04-05 10:25:29
1242,	73.98856285631146,	15.41327775331848,Rumbler,	0.9952039122398333,	2025-04-05 10:25:29
1243,	73.98856285631146,	15.413214769127512,Rumbler,	0.6121512679102742,	2025-04-05 10:25:29
1244,	73.98858085179458,	15.41316078267811,Rumbler,	0.891628153128448,	2025-04-05 10:25:29
1245,	73.98865283372712,	15.413196773644378,Rumbler,	0.5981062466933644,	2025-04-05 10:25:29
1246,	73.98849987212049,	15.413124791711843,Rumbler,	0.7357300289307722,	2025-04-05 10:25:29
1247,	73.98850886986206,	15.413259757835347,Rumbler,	0.7044832748725228,	2025-04-05 10:25:29
1248,	73.98857185405302,	15.41325076009378,Rumbler,	0.13663518036452982,	2025-04-05 10:25:29
1249,	73.98856285631146,	15.41313378945341,Rumbler,	0.17198072160577194,	2025-04-05 10:25:29
1250,	73.98877203316142,	15.412880309660963,Pothole,	0.6674836393595773,	2025-04-05 10:25:29
1251,	73.98864606477949,	15.412934296110365,Pothole,	0.046083734216258665,	2025-04-05 10:25:29
1252,	73.98872704445358,	15.412853316436262,Pothole,	0.04104065763342901,	2025-04-05 10:25:29
1253,	73.98876303541985,	15.412943293851932,Pothole,	0.7340192781787653,	2025-04-05 10:25:29
1254,	73.98878103090298,	15.412880309660963,Pothole,	0.21811789509001545,	2025-04-05 10:25:29
1255,	73.98861007381322,	15.412934296110365,Pothole,	0.36927210713119585,	2025-04-05 10:25:29
1256,	73.98873604219516,	15.412844318694695,Pothole,	0.6241236457088581,	2025-04-05 10:25:29
1257,	73.98862806929635,	15.41288930740253,Pothole,	0.741452911700671,	2025-04-05 10:25:29
1258,	73.98868205574576,	15.412988282559766,Pothole,	0.862225064043942,	2025-04-05 10:25:29
1259,	73.98864606477949,	15.412952291593498,Pothole,	0.3031661858491619,	2025-04-05 10:25:29
1260,	73.98853683833259,	15.41354553564992,Cracks,	0.29019415344498534,	2025-04-05 10:25:29
1261,	73.98858182704042,	15.413536537908353,Cracks,	0.34654135629865346,	2025-04-05 10:25:29
1262,	73.9885098451079,	15.413491549200518,Cracks,	0.23537927238793743,	2025-04-05 10:25:29
1263,	73.98843786317536,	15.413446560492684,Cracks,	0.7904761875071314,	2025-04-05 10:25:29
1264,	73.98860882026513,	15.413590524357755,Cracks,	0.6509508892655526,	2025-04-05 10:25:29
1265,	73.98859982252355,	15.413581526616188,Cracks,	0.18007369331623213,	2025-04-05 10:25:29
1266,	73.98842886543379,	15.413617517582455,Cracks,	0.0999256321665204,	2025-04-05 10:25:29
1267,	73.98851884284946,	15.413527540166786,Cracks,	0.7652064303935298,	2025-04-05 10:25:29
1268,	73.98856383155729,	15.413527540166786,Cracks,	0.8326358754112003,	2025-04-05 10:25:29
1269,	73.98846485640006,	15.413446560492684,Cracks,	0.2216759013458801,	2025-04-05 10:25:29
1270,	73.98848587060586,	15.413590366100353,Pothole,	0.12824548761434362,	2025-04-05 10:25:29
1271,	73.98838689544863,	15.413653350291321,Pothole,	0.5982291182513703,	2025-04-05 10:25:29
1272,	73.9883688999655,	15.413572370617219,Pothole,	0.7117189699809346,	2025-04-05 10:25:29
1273,	73.9884768728643,	15.413644352549754,Pothole,	0.8982985326996266,	2025-04-05 10:25:29
1274,	73.9883958931902,	15.413680343516022,Pothole,	0.2781099899905689,	2025-04-05 10:25:29
1275,	73.98849486834743,	15.41362635706662,Pothole,	0.4283858278311007,	2025-04-05 10:25:29
1276,	73.9883688999655,	15.413662348032888,Pothole,	0.6040489246945291,	2025-04-05 10:25:29
1277,	73.98837789770707,	15.413608361583487,Pothole,	0.42120578807251485,	2025-04-05 10:25:29
1278,	73.98837789770707,	15.413608361583487,Pothole,	0.9974451655956553,	2025-04-05 10:25:29
1279,	73.9884768728643,	15.413563372875652,Pothole,	0.8556136206851258,	2025-04-05 10:25:29
1280,	73.99087277788179,	15.40146314347063,Cracks,	0.73008954691404,	2025-04-05 10:25:29
1281,	73.99096275529746,	15.401544123144733,Cracks,	0.5304090816644117,	2025-04-05 10:25:29
1282,	73.99093576207275,	15.401481138953764,Cracks,	0.08952351077664478,	2025-04-05 10:25:29
1283,	73.99078280046612,	15.401607107335701,Cracks,	0.2680636794445458,	2025-04-05 10:25:29
1284,	73.99088177562335,	15.401454145729064,Cracks,	0.7489515330009071,	2025-04-05 10:25:29
1285,	73.99087277788179,	15.401445147987497,Cracks,	0.2936596439951904,	2025-04-05 10:25:29
1286,	73.99080079594926,	15.401445147987497,Cracks,	0.7515542593879448,	2025-04-05 10:25:29
1287,	73.99083678691552,	15.401580114111,Cracks,	0.5420232479912235,	2025-04-05 10:25:29
1288,	73.99081879143239,	15.401625102818835,Cracks,	0.7517387190445838,	2025-04-05 10:25:29
1289,	73.99090876884806,	15.4015261276616,Cracks,	0.6742068821560935,	2025-04-05 10:25:29
1290,	73.99235115430123,	15.40094736624238,Cracks,	0.1131752283474462,	2025-04-05 10:25:29
1291,	73.99239614300907,	15.400848391085145,Cracks,	0.9789493343135743,	2025-04-05 10:25:29
1292,	73.99226117688558,	15.400875384309845,Cracks,	0.3286201199009279,	2025-04-05 10:25:29
1293,	73.99239614300907,	15.400821397860444,Cracks,	0.6018272908056014,	2025-04-05 10:25:29
1294,	73.99239614300907,	15.400875384309845,Cracks,	0.2865180717882553,	2025-04-05 10:25:29
1295,	73.99223418366087,	15.400929370759247,Cracks,	0.657930797146948,	2025-04-05 10:25:29
1296,	73.9923601520428,	15.400884382051412,Cracks,	0.5794813731043236,	2025-04-05 10:25:29
1297,	73.9923601520428,	15.400884382051412,Cracks,	0.7488101680457102,	2025-04-05 10:25:29
1298,	73.99232416107654,	15.40089337979298,Cracks,	0.9558578717903257,	2025-04-05 10:25:29
1299,	73.99227917236871,	15.400911375276113,Cracks,	0.5614687501117507,	2025-04-05 10:25:29
1300,	73.99247283639177,	15.40089918804999,SpeedBreaker,	0.9710247136629206,	2025-04-05 10:25:29
1301,	73.99255381606586,	15.40087219482529,SpeedBreaker,	0.9764901227175122,	2025-04-05 10:25:29
1302,	73.99258980703213,	15.400854199342156,SpeedBreaker,	0.597436010877977,	2025-04-05 10:25:29
1303,	73.9925988047737,	15.400827206117455,SpeedBreaker,	0.8063331065013121,	2025-04-05 10:25:29
1304,	73.99252682284117,	15.400836203859022,SpeedBreaker,	0.12507153481049316,	2025-04-05 10:25:29
1305,	73.992571811549,	15.400854199342156,SpeedBreaker,	0.1698826055090389,	2025-04-05 10:25:29
1306,	73.99258080929057,	15.400827206117455,SpeedBreaker,	0.031828370138621054,	2025-04-05 10:25:29
1307,	73.99251782509961,	15.40087219482529,SpeedBreaker,	0.5955659856690927,	2025-04-05 10:25:29
1308,	73.99260780251527,	15.400890190308424,SpeedBreaker,	0.4482035134441441,	2025-04-05 10:25:29
1309,	73.99246383865021,	15.400818208375888,SpeedBreaker,	0.8829119853997044,	2025-04-05 10:25:29
1310,	73.99307609088812,	15.400706737252303,SpeedBreaker,	0.6794310861033154,	2025-04-05 10:25:29
1311,	73.99323805023631,	15.400643753061335,SpeedBreaker,	0.2880592671296006,	2025-04-05 10:25:29
1312,	73.99322905249475,	15.400751725960138,SpeedBreaker,	0.44646939225093174,	2025-04-05 10:25:29
1313,	73.99316606830378,	15.40068874176917,SpeedBreaker,	0.8003057774530024,	2025-04-05 10:25:29
1314,	73.99322905249475,	15.400706737252303,SpeedBreaker,	0.6830157119076598,	2025-04-05 10:25:29
1315,	73.99320205927005,	15.400679744027602,SpeedBreaker,	0.5163812727824474,	2025-04-05 10:25:29
1316,	73.99322005475318,	15.400760723701705,SpeedBreaker,	0.4015015956157769,	2025-04-05 10:25:29
1317,	73.99307609088812,	15.400787716926406,SpeedBreaker,	0.30499585212784885,	2025-04-05 10:25:29
1318,	73.99313907507909,	15.400670746286035,SpeedBreaker,	0.8764516640802256,	2025-04-05 10:25:29
1319,	73.99316606830378,	15.400661748544469,SpeedBreaker,	0.38159094851638786,	2025-04-05 10:25:29
1320,	73.99343531676902,	15.400422334900634,Rumbler,	0.15243534018593285,	2025-04-05 10:25:29
1321,	73.99350729870156,	15.400368348451233,Rumbler,	0.41888784660388856,	2025-04-05 10:25:29
1322,	73.99339932580276,	15.400359350709666,Rumbler,	0.4944813307904783,	2025-04-05 10:25:29
1323,	73.99339932580276,	15.400359350709666,Rumbler,	0.5340684672929452,	2025-04-05 10:25:29
1324,	73.99338133031962,	15.400395341675933,Rumbler,	0.014078395562681534,	2025-04-05 10:25:29
1325,	73.9933903280612,	15.400368348451233,Rumbler,	0.6362179609081717,	2025-04-05 10:25:29
1326,	73.99347130773529,	15.400449328125335,Rumbler,	0.9281854334368577,	2025-04-05 10:25:29
1327,	73.99338133031962,	15.400413337159067,Rumbler,	0.7143280886882601,	2025-04-05 10:25:29
1328,	73.99337233257806,	15.400350352968099,Rumbler,	0.21298232193942812,	2025-04-05 10:25:29
1329,	73.99348930321842,	15.400350352968099,Rumbler,	0.687897615708802,	2025-04-05 10:25:29
1330,	73.99518582446265,	15.397708024316321,SpeedBreaker,	0.39252042430601686,	2025-04-05 10:25:29
1331,	73.99527580187831,	15.397690028833187,SpeedBreaker,	0.5971293599129897,	2025-04-05 10:25:29
1332,	73.99532978832771,	15.397842990439825,SpeedBreaker,	0.7262875089297962,	2025-04-05 10:25:29
1333,	73.99519482220421,	15.397672033350053,SpeedBreaker,	0.6079704052421288,	2025-04-05 10:25:29
1334,	73.99523081317048,	15.397717022057888,SpeedBreaker,	0.7221980849601943,	2025-04-05 10:25:29
1335,	73.99522181542892,	15.397699026574754,SpeedBreaker,	0.8255583258188475,	2025-04-05 10:25:29
1336,	73.99521281768735,	15.397815997215124,SpeedBreaker,	0.3225606215413248,	2025-04-05 10:25:29
1337,	73.99530279510302,	15.397762010765723,SpeedBreaker,	0.4570995023975809,	2025-04-05 10:25:29
1338,	73.99525780639517,	15.397672033350053,SpeedBreaker,	0.4400946188544709,	2025-04-05 10:25:29
1339,	73.99521281768735,	15.397762010765723,SpeedBreaker,	0.7599473880164549,	2025-04-05 10:25:29
1340,	73.99557713717417,	15.397311334365158,Pothole,	0.9235625142832136,	2025-04-05 10:25:29
1341,	73.9954601665338,	15.397302336623591,Pothole,	0.13151729098538067,	2025-04-05 10:25:29
1342,	73.99546916427538,	15.397329329848292,Pothole,	0.7725721466681956,	2025-04-05 10:25:29
1343,	73.99548715975851,	15.397374318556126,Pothole,	0.32987197625275,	2025-04-05 10:25:29
1344,	73.99561312814043,	15.39739231403926,Pothole,	0.053115950711957294,	2025-04-05 10:25:29
1345,	73.9955951326573,	15.397221356949489,Pothole,	0.12143989939012734,	2025-04-05 10:25:29
1346,	73.99554114620791,	15.397320332106725,Pothole,	0.811187455725704,	2025-04-05 10:25:29
1347,	73.99553214846634,	15.39724835017419,Pothole,	0.38042269644813,	2025-04-05 10:25:29
1348,	73.9954601665338,	15.397212359207922,Pothole,	0.7016871037362682,	2025-04-05 10:25:29
1349,	73.9955141529832,	15.39727534339889,Pothole,	0.4700867833147574,	2025-04-05 10:25:29
1350,	73.99662073017629,	15.394209745254587,Rumbler,	0.9780838807129686,	2025-04-05 10:25:29
1351,	73.99649476179437,	15.39422774073772,Rumbler,	0.5569228014072968,	2025-04-05 10:25:29
1352,	73.9965397505022,	15.394353709119658,Rumbler,	0.1344999039194642,	2025-04-05 10:25:29
1353,	73.99648576405279,	15.394236738479288,Rumbler,	0.8047302877434267,	2025-04-05 10:25:29
1354,	73.99663872565942,	15.394344711378091,Rumbler,	0.13686837361047977,	2025-04-05 10:25:29
1355,	73.99662073017629,	15.39431771815339,Rumbler,	0.6822098737507097,	2025-04-05 10:25:29
1356,	73.99650375953593,	15.394353709119658,Rumbler,	0.4931965531171556,	2025-04-05 10:25:29
1357,	73.99660273469316,	15.394326715894957,Rumbler,	0.9466926784384802,	2025-04-05 10:25:29
1358,	73.9965667437269,	15.394335713636524,Rumbler,	0.7893946376646589,	2025-04-05 10:25:29
1359,	73.99663872565942,	15.394335713636524,Rumbler,	0.05934745096653182,	2025-04-05 10:25:29
1360,	73.99604039396822,	15.39221743114591,SpeedBreaker,	0.8656382381893655,	2025-04-05 10:25:29
1361,	73.99604939170978,	15.392208433404344,SpeedBreaker,	0.3118404241413222,	2025-04-05 10:25:29
1362,	73.996148366867,	15.392172442438076,SpeedBreaker,	0.9339044486428668,	2025-04-05 10:25:29
1363,	73.99601340074351,	15.392298410820013,SpeedBreaker,	0.9321515815422435,	2025-04-05 10:25:29
1364,	73.99607638493448,	15.392226428887477,SpeedBreaker,	0.5999155538201593,	2025-04-05 10:25:29
1365,	73.99607638493448,	15.392199435662777,SpeedBreaker,	0.5316166041284026,	2025-04-05 10:25:29
1366,	73.99608538267604,	15.392316406303147,SpeedBreaker,	0.7625903543307474,	2025-04-05 10:25:29
1367,	73.99610337815918,	15.392154446954942,SpeedBreaker,	0.9704154451081822,	2025-04-05 10:25:29
1368,	73.99605838945135,	15.392316406303147,SpeedBreaker,	0.42431670647017117,	2025-04-05 10:25:29
1369,	73.99604039396822,	15.392208433404344,SpeedBreaker,	0.5963668167265201,	2025-04-05 10:25:29
1370,	73.9980681711133,	15.388249541220832,Cracks,	0.5744676081293085,	2025-04-05 10:25:29
1371,	73.99807716885488,	15.3882855321871,Cracks,	0.6749318246619552,	2025-04-05 10:25:29
1372,	73.99811315982113,	15.388303527670233,Cracks,	0.4435805097451271,	2025-04-05 10:25:29
1373,	73.99805017563017,	15.3883125254118,Cracks,	0.9223085927205155,	2025-04-05 10:25:29
1374,	73.99808616659644,	15.388276534445533,Cracks,	0.49787732067569646,	2025-04-05 10:25:29
1375,	73.99818514175367,	15.388357514119635,Cracks,	0.020869375339536145,	2025-04-05 10:25:29
1376,	73.9980141846639,	15.3882855321871,Cracks,	0.15617635085711012,	2025-04-05 10:25:29
1377,	73.9981761440121,	15.3882855321871,Cracks,	0.8931970664744158,	2025-04-05 10:25:29
1378,	73.99816714627053,	15.388411500569037,Cracks,	0.10915550226085213,	2025-04-05 10:25:29
1379,	73.99808616659644,	15.388348516378068,Cracks,	0.9908760274029415,	2025-04-05 10:25:29
1380,	73.99223879137543,	15.409138072781474,Pothole,	0.8836198666318011,	2025-04-05 10:25:29
1381,	73.99210382525193,	15.409093084073639,Pothole,	0.9074203268991188,	2025-04-05 10:25:29
1382,	73.99212182073506,	15.409093084073639,Pothole,	0.04927179709394158,	2025-04-05 10:25:29
1383,	73.99209482751036,	15.40914707052304,Pothole,	0.021558080521893674,	2025-04-05 10:25:29
1384,	73.99207683202722,	15.409156068264608,Pothole,	0.6602814512390855,	2025-04-05 10:25:29
1385,	73.9920858297688,	15.409093084073639,Pothole,	0.6670850485636016,	2025-04-05 10:25:29
1386,	73.99221179815072,	15.409093084073639,Pothole,	0.860014966303255,	2025-04-05 10:25:29
1387,	73.99213081847662,	15.409138072781474,Pothole,	0.10091146010858842,	2025-04-05 10:25:29
1388,	73.99223879137543,	15.409102081815206,Pothole,	0.43976994345624576,	2025-04-05 10:25:29
1389,	73.99210382525193,	15.40914707052304,Pothole,	0.32276297859532554,	2025-04-05 10:25:29
1390,	73.99121744536012,	15.410256705047882,SpeedBreaker,	0.2792146123492565,	2025-04-05 10:25:29
1391,	73.99127143180952,	15.410310691497283,SpeedBreaker,	0.7048011666095474,	2025-04-05 10:25:29
1392,	73.99124443858483,	15.410265702789449,SpeedBreaker,	0.268637791091763,	2025-04-05 10:25:29
1393,	73.99126243406795,	15.410265702789449,SpeedBreaker,	0.7116310591779252,	2025-04-05 10:25:29
1394,	73.99127143180952,	15.410301693755716,SpeedBreaker,	0.1754495885723304,	2025-04-05 10:25:29
1395,	73.99123544084325,	15.410220714081614,SpeedBreaker,	0.9513253079522567,	2025-04-05 10:25:29
1396,	73.99134341374206,	15.410310691497283,SpeedBreaker,	0.30400115834920316,	2025-04-05 10:25:29
1397,	73.99128042955108,	15.410238709564748,SpeedBreaker,	0.9683517500226919,	2025-04-05 10:25:29
1398,	73.99116345891072,	15.41029269601415,SpeedBreaker,	0.12585653920077544,	2025-04-05 10:25:29
1399,	73.99127143180952,	15.410382673429819,SpeedBreaker,	0.24682029910437386,	2025-04-05 10:25:29
1400,	73.99123116525477,	15.410406455996716,Pothole,	0.7091817457500139,	2025-04-05 10:25:29
1401,	73.99123116525477,	15.41045144470455,Pothole,	0.3780604684176958,	2025-04-05 10:25:29
1402,	73.99113219009755,	15.410406455996716,Pothole,	0.4536945002979217,	2025-04-05 10:25:29
1403,	73.99113219009755,	15.41033447406418,Pothole,	0.5254046058071625,	2025-04-05 10:25:29
1404,	73.99109619913128,	15.410388460513582,Pothole,	0.2558225243755985,	2025-04-05 10:25:29
1405,	73.99106020816501,	15.410397458255149,Pothole,	0.7469774217674108,	2025-04-05 10:25:29
1406,	73.99115918332224,	15.41042445147985,Pothole,	0.6135753046975395,	2025-04-05 10:25:29
1407,	73.99120417203008,	15.410361467288881,Pothole,	0.5042675637608448,	2025-04-05 10:25:29
1408,	73.99117717880537,	15.410343471805747,Pothole,	0.3118879989542964,	2025-04-05 10:25:29
1409,	73.99117717880537,	15.410469440187684,Pothole,	0.6549579515963193,	2025-04-05 10:25:29
1410,	73.99073872356648,	15.41071273974597,Cracks,	0.7509726714618096,	2025-04-05 10:25:29
1411,	73.99083769872371,	15.410757728453804,Cracks,	0.5001326358012063,	2025-04-05 10:25:29
1412,	73.99080170775744,	15.410730735229103,Cracks,	0.8112310739946356,	2025-04-05 10:25:29
1413,	73.99078371227431,	15.410703742004403,Cracks,	0.8766903259528531,	2025-04-05 10:25:29
1414,	73.99077471453275,	15.41082971038634,Cracks,	0.8747183381397297,	2025-04-05 10:25:29
1415,	73.99079271001588,	15.410766726195371,Cracks,	0.28085625526793767,	2025-04-05 10:25:29
1416,	73.990810705499,	15.410748730712237,Cracks,	0.6227129529752709,	2025-04-05 10:25:29
1417,	73.99088268743154,	15.410793719420072,Cracks,	0.6121015667651865,	2025-04-05 10:25:29
1418,	73.99074772130804,	15.410757728453804,Cracks,	0.21517511144165113,	2025-04-05 10:25:29
1419,	73.99085569420684,	15.410784721678505,Cracks,	0.6844430571530592,	2025-04-05 10:25:29
1420,	73.98910974537263,	15.412315328487223,Pothole,	0.466400862530989,	2025-04-05 10:25:29
1421,	73.98916373182203,	15.412342321711924,Pothole,	0.9988700481688779,	2025-04-05 10:25:29
1422,	73.98912774085576,	15.412432299127593,Pothole,	0.9555214175183827,	2025-04-05 10:25:29
1423,	73.9891457363389,	15.41246829009386,Pothole,	0.7399709534472302,	2025-04-05 10:25:29
1424,	73.9890107702154,	15.41232432622879,Pothole,	0.6785050754672067,	2025-04-05 10:25:29
1425,	73.9891727295636,	15.41235131945349,Pothole,	0.30517158256350285,	2025-04-05 10:25:29
1426,	73.98913673859734,	15.412306330745656,Pothole,	0.9681735046718584,	2025-04-05 10:25:29
1427,	73.98910974537263,	15.412477287835427,Pothole,	0.2751671261602744,	2025-04-05 10:25:29
1428,	73.98902876569854,	15.412414303644459,Pothole,	0.9622874297811853,	2025-04-05 10:25:29
1429,	73.98901976795698,	15.41244129686916,Pothole,	0.08735754393733008,	2025-04-05 10:25:29
1430,	73.98869946765848,	15.412825543452175,SpeedBreaker,	0.7431236204219792,	2025-04-05 10:25:29
1431,	73.98871746314161,	15.412879529901577,SpeedBreaker,	0.5174937659179677,	2025-04-05 10:25:29
1432,	73.98869046991692,	15.412951511834112,SpeedBreaker,	0.7422576436995251,	2025-04-05 10:25:29
1433,	73.98875345410788,	15.412933516350979,SpeedBreaker,	0.8000130679514386,	2025-04-05 10:25:29
1434,	73.98871746314161,	15.41296050957568,SpeedBreaker,	0.9675586942770025,	2025-04-05 10:25:29
1435,	73.98872646088317,	15.412834541193742,SpeedBreaker,	0.6158826911131979,	2025-04-05 10:25:29
1436,	73.98869946765848,	15.412852536676876,SpeedBreaker,	0.4956866286476307,	2025-04-05 10:25:29
1437,	73.9887984428157,	15.412861534418443,SpeedBreaker,	0.20232885863148808,	2025-04-05 10:25:29
1438,	73.98871746314161,	15.412951511834112,SpeedBreaker,	0.9724328407810262,	2025-04-05 10:25:29
1439,	73.98869946765848,	15.412816545710609,SpeedBreaker,	0.03017798759313528,	2025-04-05 10:25:29
1440,	73.98092982758645,	15.419021453487177,SpeedBreaker,	0.24291372232211095,	2025-04-05 10:25:29
1441,	73.98105579596839,	15.419021453487177,SpeedBreaker,	0.8394535821254686,	2025-04-05 10:25:29
1442,	73.98094782306958,	15.419030451228744,SpeedBreaker,	0.24675713084045447,	2025-04-05 10:25:29
1443,	73.98092082984489,	15.419075439936579,SpeedBreaker,	0.6487165354313074,	2025-04-05 10:25:29
1444,	73.98094782306958,	15.419111430902847,SpeedBreaker,	0.7480881393700729,	2025-04-05 10:25:29
1445,	73.98099281177741,	15.41910243316128,SpeedBreaker,	0.5768228391656328,	2025-04-05 10:25:29
1446,	73.98097481629428,	15.419030451228744,SpeedBreaker,	0.2556890736258248,	2025-04-05 10:25:29
1447,	73.98088483887862,	15.419165417352248,SpeedBreaker,	0.2768886032331469,	2025-04-05 10:25:29
1448,	73.98096581855272,	15.419165417352248,SpeedBreaker,	0.4756065783621547,	2025-04-05 10:25:29
1449,	73.98101080726055,	15.418994460262477,SpeedBreaker,	0.0722927385378177,	2025-04-05 10:25:29
1450,	73.98226840084763,	15.419759101682766,Pothole,	0.520435488402161,	2025-04-05 10:25:29
1451,	73.98224140762294,	15.419759101682766,Pothole,	0.07196031528742675,	2025-04-05 10:25:29
1452,	73.98229539407234,	15.4198040903906,Pothole,	0.44807703708819413,	2025-04-05 10:25:29
1453,	73.98228639633076,	15.419768099424333,Pothole,	0.9983847992240467,	2025-04-05 10:25:29
1454,	73.9822234121398,	15.419876072323136,Pothole,	0.1175266561067736,	2025-04-05 10:25:29
1455,	73.98221441439824,	15.419759101682766,Pothole,	0.8128485243060392,	2025-04-05 10:25:29
1456,	73.98223240988138,	15.419858076840002,Pothole,	0.220468418140654,	2025-04-05 10:25:29
1457,	73.98224140762294,	15.419795092649034,Pothole,	0.1118127836661843,	2025-04-05 10:25:29
1458,	73.98223240988138,	15.419768099424333,Pothole,	0.9606858764086846,	2025-04-05 10:25:29
1459,	73.98225940310607,	15.419759101682766,Pothole,	0.3713204140220232,	2025-04-05 10:25:29
1460,	73.98245649088341,	15.41961417510286,Pothole,	0.24741850211449634,	2025-04-05 10:25:29
1461,	73.982402504434,	15.419668161552261,Pothole,	0.5485492512182764,	2025-04-05 10:25:29
1462,	73.98245649088341,	15.419542193170324,Pothole,	0.059366082529268005,	2025-04-05 10:25:29
1463,	73.98247448636654,	15.419542193170324,Pothole,	0.9365554370903254,	2025-04-05 10:25:29
1464,	73.98245649088341,	15.419704152518529,Pothole,	0.8453126951346255,	2025-04-05 10:25:29
1465,	73.982402504434,	15.419623172844426,Pothole,	0.2572189175776045,	2025-04-05 10:25:29
1466,	73.98254646829908,	15.419686157035395,Pothole,	0.5826006532292646,	2025-04-05 10:25:29
1467,	73.982402504434,	15.419686157035395,Pothole,	0.23445086583691754,	2025-04-05 10:25:29
1468,	73.98256446378221,	15.41964116832756,Pothole,	0.9593836906384453,	2025-04-05 10:25:29
1469,	73.98255546604064,	15.419605177361293,Pothole,	0.3290506159824693,	2025-04-05 10:25:29
1470,	73.9838595660316,	15.419099063824275,Rumbler,	0.6453573150719484,	2025-04-05 10:25:29
1471,	73.98383257280689,	15.419180043498377,Rumbler,	0.6572260445950436,	2025-04-05 10:25:29
1472,	73.98383257280689,	15.419108061565842,Rumbler,	0.48662488545428073,	2025-04-05 10:25:29
1473,	73.98388655925629,	15.419099063824275,Rumbler,	0.3039008685506446,	2025-04-05 10:25:29
1474,	73.98384157054846,	15.419108061565842,Rumbler,	0.43016311696985665,	2025-04-05 10:25:29
1475,	73.98381457732377,	15.41905407511644,Rumbler,	0.3483664155314473,	2025-04-05 10:25:29
1476,	73.98384157054846,	15.419162048015243,Rumbler,	0.617605458135613,	2025-04-05 10:25:29
1477,	73.98387756151473,	15.419189041239944,Rumbler,	0.23262578589989635,	2025-04-05 10:25:29
1478,	73.98376958861593,	15.41902708189174,Rumbler,	0.39592497216353806,	2025-04-05 10:25:29
1479,	73.98388655925629,	15.419045077374873,Rumbler,	0.741418190161136,	2025-04-05 10:25:29
1480,	74.01074729351974,	15.372734962714018,SpeedBreaker,	0.5077991860449849,	2025-04-05 10:25:29
1481,	74.01068430932878,	15.372635987556782,SpeedBreaker,	0.9405257425374839,	2025-04-05 10:25:29
1482,	74.01072929803661,	15.372734962714018,SpeedBreaker,	0.390282829631984,	2025-04-05 10:25:29
1483,	74.01064831836251,	15.372725964972451,SpeedBreaker,	0.7695367882364369,	2025-04-05 10:25:29
1484,	74.01072929803661,	15.372743960455585,SpeedBreaker,	0.3318746270860826,	2025-04-05 10:25:29
1485,	74.01071130255349,	15.37269897174775,SpeedBreaker,	0.4365816597950871,	2025-04-05 10:25:29
1486,	74.01067531158722,	15.372599996590514,SpeedBreaker,	0.21466540079477314,	2025-04-05 10:25:29
1487,	74.01063032287938,	15.372573003365813,SpeedBreaker,	0.8527807236805703,	2025-04-05 10:25:29
1488,	74.01075629126132,	15.372573003365813,SpeedBreaker,	0.6219733322184929,	2025-04-05 10:25:29
1489,	74.01081027771072,	15.372662980781483,SpeedBreaker,	0.794748151971215,	2025-04-05 10:25:29
1490,	74.01094158617232,	15.373319126907905,Pothole,	0.8618861416313888,	2025-04-05 10:25:29
1491,	74.01095058391388,	15.373337122391039,Pothole,	0.9739622667463229,	2025-04-05 10:25:29
1492,	74.01102256584642,	15.373319126907905,Pothole,	0.3077170435683535,	2025-04-05 10:25:29
1493,	74.01101356810484,	15.373283135941637,Pothole,	0.5131770809389068,	2025-04-05 10:25:29
1494,	74.01106755455424,	15.373328124649472,Pothole,	0.6675615214349228,	2025-04-05 10:25:29
1495,	74.01097757713859,	15.373319126907905,Pothole,	0.17995592103984548,	2025-04-05 10:25:29
1496,	74.01089659746448,	15.373355117874173,Pothole,	0.8937081192875983,	2025-04-05 10:25:29
1497,	74.01104056132955,	15.373256142716937,Pothole,	0.8680479915962828,	2025-04-05 10:25:29
1498,	74.01094158617232,	15.373184160784401,Pothole,	0.7608272077718274,	2025-04-05 10:25:29
1499,	74.01097757713859,	15.373283135941637,Pothole,	0.6890830886903268,	2025-04-05 10:25:29
1500,	74.01097138507274,	15.373165670240835,Cracks,	0.38377786976463024,	2025-04-05 10:25:29
1501,	74.0109533895896,	15.37318366572397,Cracks,	0.1552651128709488,	2025-04-05 10:25:29
1502,	74.01099837829743,	15.373111683791434,Cracks,	0.7681398156263188,	2025-04-05 10:25:29
1503,	74.01104336700526,	15.373075692825166,Cracks,	0.3012120458243075,	2025-04-05 10:25:29
1504,	74.01098938055587,	15.3730936883083,Cracks,	0.9676440116267278,	2025-04-05 10:25:29
1505,	74.01107935797152,	15.37321065894867,Cracks,	0.06794473931263012,	2025-04-05 10:25:29
1506,	74.0109803828143,	15.373192663465536,Cracks,	0.08302026205871937,	2025-04-05 10:25:29
1507,	74.0110343692637,	15.373192663465536,Cracks,	0.21782988668406655,	2025-04-05 10:25:29
1508,	74.011007376039,	15.373057697342032,Cracks,	0.021254226908424823,	2025-04-05 10:25:29
1509,	74.0109533895896,	15.373165670240835,Cracks,	0.27147819619380864,	2025-04-05 10:25:29
1510,	73.98130884680879,	15.422992469347315,Rumbler,	0.4519726039646582,	2025-04-05 10:25:29
1511,	73.98135383551661,	15.423064451279851,Rumbler,	0.7273787013725725,	2025-04-05 10:25:29
1512,	73.98125486035939,	15.422992469347315,Rumbler,	0.9900028904544984,	2025-04-05 10:25:29
1513,	73.98140782196602,	15.423019462572016,Rumbler,	0.13888776732022423,	2025-04-05 10:25:29
1514,	73.98140782196602,	15.422956478381048,Rumbler,	0.9712461887101727,	2025-04-05 10:25:29
1515,	73.98133584003348,	15.423001467088882,Rumbler,	0.780471720043579,	2025-04-05 10:25:29
1516,	73.98124586261781,	15.422974473864182,Rumbler,	0.935941726530407,	2025-04-05 10:25:29
1517,	73.98133584003348,	15.422974473864182,Rumbler,	0.6186790012618087,	2025-04-05 10:25:29
1518,	73.98134483777504,	15.42289349419008,Rumbler,	0.7938499806168878,	2025-04-05 10:25:29
1519,	73.98129085132565,	15.42301046483045,Rumbler,	0.435734403266574,	2025-04-05 10:25:29
1520,	73.98130071551891,	15.423129848245704,Cracks,	0.3598222953727265,	2025-04-05 10:25:29
1521,	73.98124672906951,	15.423183834695106,Cracks,	0.37194902354904225,	2025-04-05 10:25:29
1522,	73.98139969067614,	15.423219825661374,Cracks,	0.28851025454309953,	2025-04-05 10:25:29
1523,	73.98130071551891,	15.423147843728838,Cracks,	0.0069602030522663005,	2025-04-05 10:25:29
1524,	73.98124672906951,	15.423210827919807,Cracks,	0.8053872097424942,	2025-04-05 10:25:29
1525,	73.98126472455264,	15.423156841470405,Cracks,	0.09986214406376492,	2025-04-05 10:25:29
1526,	73.98139969067614,	15.423219825661374,Cracks,	0.4954148967988984,	2025-04-05 10:25:29
1527,	73.98135470196831,	15.423102855021003,Cracks,	0.3931240622736635,	2025-04-05 10:25:29
1528,	73.98135470196831,	15.42311185276257,Cracks,	0.8266908993850757,	2025-04-05 10:25:29
1529,	73.98139969067614,	15.423102855021003,Cracks,	0.28292753783269053,	2025-04-05 10:25:29
1530,	73.98004959599332,	15.422825297100736,Cracks,	0.17573540637987972,	2025-04-05 10:25:29
1531,	73.98004959599332,	15.422915274516406,Cracks,	0.4471583061793448,	2025-04-05 10:25:29
1532,	73.98004059825175,	15.422915274516406,Cracks,	0.13930963351535852,	2025-04-05 10:25:29
1533,	73.98012157792586,	15.422870285808571,Cracks,	0.6414293914127519,	2025-04-05 10:25:29
1534,	73.98014857115055,	15.422861288067004,Cracks,	0.3935196256555693,	2025-04-05 10:25:29
1535,	73.98007658921802,	15.422825297100736,Cracks,	0.7171791313256672,	2025-04-05 10:25:29
1536,	73.98021155534151,	15.422834294842303,Cracks,	0.6219187284928812,	2025-04-05 10:25:29
1537,	73.98019355985838,	15.422906276774839,Cracks,	0.6824142585700352,	2025-04-05 10:25:29
1538,	73.98011258018428,	15.422861288067004,Cracks,	0.4167424600071119,	2025-04-05 10:25:29
1539,	73.98009458470115,	15.422942267741107,Cracks,	0.34818844318571684,	2025-04-05 10:25:29
1540,	73.98022328211823,	15.423383276006751,Cracks,	0.26946616982950145,	2025-04-05 10:25:29
1541,	73.98037624372486,	15.423365280523617,Cracks,	0.7604498495133383,	2025-04-05 10:25:29
1542,	73.98037624372486,	15.423311294074216,Cracks,	0.5291307860123853,	2025-04-05 10:25:29
1543,	73.9802592730845,	15.423365280523617,Cracks,	0.11706227570532579,	2025-04-05 10:25:29
1544,	73.98023227985979,	15.423383276006751,Cracks,	0.9096496904581098,	2025-04-05 10:25:29
1545,	73.98031325953389,	15.423392273748318,Cracks,	0.9008702330968738,	2025-04-05 10:25:29
1546,	73.98031325953389,	15.42347325342242,Cracks,	0.5628001544073098,	2025-04-05 10:25:29
1547,	73.9802592730845,	15.423320291815783,Cracks,	0.5237524132484036,	2025-04-05 10:25:29
1548,	73.9802592730845,	15.42335628278205,Cracks,	0.1895797903359948,	2025-04-05 10:25:29
1549,	73.9803402527586,	15.423437262456153,Cracks,	0.08624620037017838,	2025-04-05 10:25:29
1550,	73.98040196504357,	15.423326926116811,SpeedBreaker,	0.16511538833358852,	2025-04-05 10:25:29
1551,	73.9804199605267,	15.423443896757181,SpeedBreaker,	0.6212602954708085,	2025-04-05 10:25:29
1552,	73.98030298988634,	15.423326926116811,SpeedBreaker,	0.30152855605239026,	2025-04-05 10:25:29
1553,	73.98024900343694,	15.423461892240315,SpeedBreaker,	0.9702182189086832,	2025-04-05 10:25:29
1554,	73.98039296730201,	15.423497883206583,SpeedBreaker,	0.6256914433507442,	2025-04-05 10:25:29
1555,	73.98039296730201,	15.42338991030778,SpeedBreaker,	0.8573415287158994,	2025-04-05 10:25:29
1556,	73.9804199605267,	15.423470889981882,SpeedBreaker,	0.45445211094338767,	2025-04-05 10:25:29
1557,	73.98038396956044,	15.423452894498748,SpeedBreaker,	0.6187971843544113,	2025-04-05 10:25:29
1558,	73.98031198762791,	15.423461892240315,SpeedBreaker,	0.1779244804482074,	2025-04-05 10:25:29
1559,	73.98034797859417,	15.423317928375244,SpeedBreaker,	0.10035445013289779,	2025-04-05 10:25:29
1560,	74.0103177390232,	15.373620906759733,Rumbler,	0.57147952968516,	2025-04-05 10:25:29
1561,	74.01038072321415,	15.373647899984434,Rumbler,	0.3908107282657305,	2025-04-05 10:25:29
1562,	74.01037172547258,	15.373620906759733,Rumbler,	0.7891404753493566,	2025-04-05 10:25:29
1563,	74.01024575709066,	15.3736299045013,Rumbler,	0.13192549921560515,	2025-04-05 10:25:29
1564,	74.01040771643885,	15.373683890950701,Rumbler,	0.7962255356566593,	2025-04-05 10:25:29
1565,	74.01034473224789,	15.373620906759733,Rumbler,	0.49452764179083153,	2025-04-05 10:25:29
1566,	74.01026375257379,	15.3736299045013,Rumbler,	0.9211123419045,	2025-04-05 10:25:29
1567,	74.0103177390232,	15.373683890950701,Rumbler,	0.3469936127282012,	2025-04-05 10:25:29
1568,	74.01036272773102,	15.373566920310331,Rumbler,	0.9421134254025736,	2025-04-05 10:25:29
1569,	74.01032673676475,	15.373665895467568,Rumbler,	0.07949308258087984,	2025-04-05 10:25:29
1570,	73.98171847454023,	15.421087789098864,SpeedBreaker,	0.8221156144799894,	2025-04-05 10:25:29
1571,	73.98178145873119,	15.421123780065132,SpeedBreaker,	0.8702669783599586,	2025-04-05 10:25:29
1572,	73.98178145873119,	15.421051798132597,SpeedBreaker,	0.6971224428418117,	2025-04-05 10:25:29
1573,	73.9818354451806,	15.421141775548266,SpeedBreaker,	0.04034099297170146,	2025-04-05 10:25:29
1574,	73.98167348583239,	15.420997811683195,SpeedBreaker,	0.6269128080035976,	2025-04-05 10:25:29
1575,	73.98168248357396,	15.420988813941628,SpeedBreaker,	0.9996211564848316,	2025-04-05 10:25:29
1576,	73.98173647002336,	15.421132777806699,SpeedBreaker,	0.18043692328008432,	2025-04-05 10:25:29
1577,	73.98175446550648,	15.421114782323565,SpeedBreaker,	0.16268392425510214,	2025-04-05 10:25:29
1578,	73.98180845195589,	15.421123780065132,SpeedBreaker,	0.03637243595351669,	2025-04-05 10:25:29
1579,	73.98178145873119,	15.421105784581998,SpeedBreaker,	0.5491932182487218,	2025-04-05 10:25:29
1580,	73.9817055886375,	15.421385595866383,Rumbler,	0.029215275871021573,	2025-04-05 10:25:29
1581,	73.98166959767123,	15.421439582315784,Rumbler,	0.7545841969677963,	2025-04-05 10:25:29
1582,	73.98164260444653,	15.42151156424832,Rumbler,	0.8545515091216446,	2025-04-05 10:25:29
1583,	73.9815976157387,	15.421376598124816,Rumbler,	0.5614348050593437,	2025-04-05 10:25:29
1584,	73.9816785954128,	15.42151156424832,Rumbler,	0.5673716322111927,	2025-04-05 10:25:29
1585,	73.98158861799713,	15.421412589091084,Rumbler,	0.5591329221494851,	2025-04-05 10:25:29
1586,	73.98160661348027,	15.42142158683265,Rumbler,	0.5390619381900772,	2025-04-05 10:25:29
1587,	73.98172358412063,	15.421448580057351,Rumbler,	0.7645300597144864,	2025-04-05 10:25:29
1588,	73.98166959767123,	15.421376598124816,Rumbler,	0.041852353730739034,	2025-04-05 10:25:29
1589,	73.98175057734534,	15.421448580057351,Rumbler,	0.34275253911537706,	2025-04-05 10:25:29
1590,	73.98158597063119,	15.421899195840234,Cracks,	0.9478579115750226,	2025-04-05 10:25:29
1591,	73.98156797514805,	15.421899195840234,Cracks,	0.3644905607287935,	2025-04-05 10:25:29
1592,	73.98157697288963,	15.421863204873967,Cracks,	0.5669313513382824,	2025-04-05 10:25:29
1593,	73.98156797514805,	15.421935186806502,Cracks,	0.5466540360678523,	2025-04-05 10:25:29
1594,	73.98154997966493,	15.4218812003571,Cracks,	0.032346237892179386,	2025-04-05 10:25:29
1595,	73.98159496837276,	15.421863204873967,Cracks,	0.5389217543756307,	2025-04-05 10:25:29
1596,	73.9814779977324,	15.42197117777277,Cracks,	0.8142876748030841,	2025-04-05 10:25:29
1597,	73.98150499095709,	15.421989173255904,Cracks,	0.2680402870050673,	2025-04-05 10:25:29
1598,	73.98150499095709,	15.4218542071324,Cracks,	0.16633107892726073,	2025-04-05 10:25:29
1599,	73.9816129638559,	15.421863204873967,Cracks,	0.415473842545768,	2025-04-05 10:25:29
1600,	73.98122958814193,	15.422481076244306,SpeedBreaker,	0.5082907559334144,	2025-04-05 10:25:29
1601,	73.98134655878229,	15.422508069469007,SpeedBreaker,	0.13902689398848633,	2025-04-05 10:25:29
1602,	73.98136455426543,	15.422526064952141,SpeedBreaker,	0.9969259568152825,	2025-04-05 10:25:29
1603,	73.98138254974856,	15.42240909431177,SpeedBreaker,	0.76857330573869,	2025-04-05 10:25:29
1604,	73.98140954297327,	15.422535062693708,SpeedBreaker,	0.6549829443305681,	2025-04-05 10:25:29
1605,	73.9812655791082,	15.422544060435275,SpeedBreaker,	0.6146962061375226,	2025-04-05 10:25:29
1606,	73.98140954297327,	15.422544060435275,SpeedBreaker,	0.10022010032033057,	2025-04-05 10:25:29
1607,	73.9812655791082,	15.422508069469007,SpeedBreaker,	0.775032377563529,	2025-04-05 10:25:29
1608,	73.98133756104073,	15.422391098828637,SpeedBreaker,	0.6559952377771483,	2025-04-05 10:25:29
1609,	73.98136455426543,	15.422436087536472,SpeedBreaker,	0.6708590262189893,	2025-04-05 10:25:29
1610,	73.9804895366695,	15.418709239012026,SpeedBreaker,	0.2678674714244246,	2025-04-05 10:25:29
1611,	73.98049853441107,	15.418682245787325,SpeedBreaker,	0.3948520635130631,	2025-04-05 10:25:29
1612,	73.98056151860203,	15.418700241270459,SpeedBreaker,	0.11120516635314925,	2025-04-05 10:25:29
1613,	73.9804085569954,	15.418718236753593,SpeedBreaker,	0.9833398524308711,	2025-04-05 10:25:29
1614,	73.9805435231189,	15.418817211910829,SpeedBreaker,	0.9109800971860329,	2025-04-05 10:25:29
1615,	73.98041755473697,	15.418799216427695,SpeedBreaker,	0.6638385534800396,	2025-04-05 10:25:29
1616,	73.98047154118638,	15.418700241270459,SpeedBreaker,	0.34027328062286566,	2025-04-05 10:25:29
1617,	73.98048053892794,	15.418745229978294,SpeedBreaker,	0.5613810066718178,	2025-04-05 10:25:29
1618,	73.98047154118638,	15.418736232236727,SpeedBreaker,	0.197054722778489,	2025-04-05 10:25:29
1619,	73.98041755473697,	15.418691243528892,SpeedBreaker,	0.9824569459065098,	2025-04-05 10:25:29
1620,	73.98015885160694,	15.418986194319714,SpeedBreaker,	0.55290990366275,	2025-04-05 10:25:29
1621,	73.98024882902261,	15.41905817625225,SpeedBreaker,	0.7217195927721338,	2025-04-05 10:25:29
1622,	73.98017684709008,	15.419031183027549,SpeedBreaker,	0.09375195626083688,	2025-04-05 10:25:29
1623,	73.98018584483165,	15.418995192061281,SpeedBreaker,	0.7963985298263463,	2025-04-05 10:25:29
1624,	73.9802218357979,	15.418986194319714,SpeedBreaker,	0.09078759058620911,	2025-04-05 10:25:29
1625,	73.98013185838225,	15.419013187544415,SpeedBreaker,	0.39792632443195763,	2025-04-05 10:25:29
1626,	73.98028481998888,	15.419040180769116,SpeedBreaker,	0.7784240868081612,	2025-04-05 10:25:29
1627,	73.98026682450575,	15.418995192061281,SpeedBreaker,	0.4473025460279615,	2025-04-05 10:25:29
1628,	73.98020384031477,	15.419031183027549,SpeedBreaker,	0.9132145338546223,	2025-04-05 10:25:29
1629,	73.98014085612381,	15.419031183027549,SpeedBreaker,	0.15028002866260082,	2025-04-05 10:25:29
1630,	73.9801929734921,	15.419072151881707,Rumbler,	0.5739014693100686,	2025-04-05 10:25:29
1631,	73.98015698252583,	15.419207118005211,Rumbler,	0.17149042041701856,	2025-04-05 10:25:29
1632,	73.98030094639088,	15.419108142847975,Rumbler,	0.5952905120079571,	2025-04-05 10:25:29
1633,	73.9801929734921,	15.419189122522077,Rumbler,	0.9641321791775822,	2025-04-05 10:25:29
1634,	73.98021096897523,	15.419072151881707,Rumbler,	0.0989024119969163,	2025-04-05 10:25:29
1635,	73.98030994413246,	15.419072151881707,Rumbler,	0.8125528032943667,	2025-04-05 10:25:29
1636,	73.98014798478425,	15.419162129297376,Rumbler,	0.8029785526180526,	2025-04-05 10:25:29
1637,	73.98024695994148,	15.419234111229912,Rumbler,	0.7858376448862814,	2025-04-05 10:25:29
1638,	73.9801929734921,	15.419117140589542,Rumbler,	0.21604086581906334,	2025-04-05 10:25:29
1639,	73.98020197123365,	15.419081149623274,Rumbler,	0.10335242195802974,	2025-04-05 10:25:29
1640,	73.98036547197312,	15.4193927760624,Rumbler,	0.9651764162362092,	2025-04-05 10:25:29
1641,	73.98026649681589,	15.419455760253369,Rumbler,	0.18495683951359942,	2025-04-05 10:25:29
1642,	73.98032048326527,	15.41950974670277,Rumbler,	0.9530993834497812,	2025-04-05 10:25:29
1643,	73.98034747648998,	15.419446762511802,Rumbler,	0.9804121430641916,	2025-04-05 10:25:29
1644,	73.98036547197312,	15.419491751219637,Rumbler,	0.26747007667597167,	2025-04-05 10:25:29
1645,	73.98031148552371,	15.4193927760624,Rumbler,	0.08168117991136581,	2025-04-05 10:25:29
1646,	73.98040146293938,	15.419536739927471,Rumbler,	0.4130011934366763,	2025-04-05 10:25:29
1647,	73.98036547197312,	15.419428767028668,Rumbler,	0.327750037415076,	2025-04-05 10:25:29
1648,	73.98030248778215,	15.419545737669038,Rumbler,	0.3021753317819864,	2025-04-05 10:25:29
1649,	73.98028449229902,	15.419419769287101,Rumbler,	0.00043040104406943946,	2025-04-05 10:25:29
1650,	73.98046064902137,	15.419620776226234,Rumbler,	0.775186508900365,	2025-04-05 10:25:29
1651,	73.9804246580551,	15.419674762675635,Rumbler,	0.13321429500782378,	2025-04-05 10:25:29
1652,	73.98029868967316,	15.419575787518399,Rumbler,	0.8546471002986541,	2025-04-05 10:25:29
1653,	73.98044265353823,	15.419548794293698,Rumbler,	0.08900635654149147,	2025-04-05 10:25:29
1654,	73.98043365579666,	15.419674762675635,Rumbler,	0.1984394473761688,	2025-04-05 10:25:29
1655,	73.98032568289787,	15.419611778484667,Rumbler,	0.7500195537793106,	2025-04-05 10:25:29
1656,	73.98038866708883,	15.419593783001533,Rumbler,	0.28519373099901735,	2025-04-05 10:25:29
1657,	73.98046064902137,	15.419683760417202,Rumbler,	0.6305858989026243,	2025-04-05 10:25:29
1658,	73.98028069419003,	15.419674762675635,Rumbler,	0.7225091214982619,	2025-04-05 10:25:29
1659,	73.98030768741474,	15.4196297739678,Rumbler,	0.24778648297891737,	2025-04-05 10:25:29
1660,	73.98330677106482,	15.418926401436542,SpeedBreaker,	0.205223863466946,	2025-04-05 10:25:29
1661,	73.98340574622205,	15.419025376593778,SpeedBreaker,	0.4383330377309349,	2025-04-05 10:25:29
1662,	73.98328877558168,	15.418944396919676,SpeedBreaker,	0.7473074913434198,	2025-04-05 10:25:29
1663,	73.98342374170518,	15.418953394661242,SpeedBreaker,	0.7865738029971397,	2025-04-05 10:25:29
1664,	73.98339674848049,	15.419043372076912,SpeedBreaker,	0.1881712563460186,	2025-04-05 10:25:29
1665,	73.98343273944676,	15.419070365301613,SpeedBreaker,	0.8563084128703092,	2025-04-05 10:25:29
1666,	73.98342374170518,	15.419052369818479,SpeedBreaker,	0.06906224410468509,	2025-04-05 10:25:29
1667,	73.98331576880639,	15.418953394661242,SpeedBreaker,	0.12701415080275313,	2025-04-05 10:25:29
1668,	73.98341474396362,	15.418953394661242,SpeedBreaker,	0.9467717593172419,	2025-04-05 10:25:29
1669,	73.98338775073891,	15.418980387885943,SpeedBreaker,	0.24386487050768102,	2025-04-05 10:25:29
1670,	73.99069607813249,	15.402040899105781,Cracks,	0.20142279153669085,	2025-04-05 10:25:29
1671,	73.99077705780658,	15.402022903622647,Cracks,	0.16205574602295003,	2025-04-05 10:25:29
1672,	73.99065108942466,	15.402049896847348,Cracks,	0.35314116235006,	2025-04-05 10:25:29
1673,	73.99068708039093,	15.401959919431679,Cracks,	0.5401741180976088,	2025-04-05 10:25:29
1674,	73.99080405103129,	15.40198691265638,Cracks,	0.41094706208783327,	2025-04-05 10:25:29
1675,	73.99082204651442,	15.402112881038317,Cracks,	0.06847683882066369,	2025-04-05 10:25:29
1676,	73.99078605554816,	15.401950921690112,Cracks,	0.1673399506865182,	2025-04-05 10:25:29
1677,	73.99073206909875,	15.401932926206978,Cracks,	0.8040291169669587,	2025-04-05 10:25:29
1678,	73.99073206909875,	15.40201390588108,Cracks,	0.31859552934049085,	2025-04-05 10:25:29
1679,	73.99077705780658,	15.401932926206978,Cracks,	0.7736292355445439,	2025-04-05 10:25:29
1680,	73.99074141856521,	15.402021251157112,Rumbler,	0.571860346972269,	2025-04-05 10:25:29
1681,	73.99079540501461,	15.402048244381813,Rumbler,	0.5662466156627142,	2025-04-05 10:25:29
1682,	73.99069642985738,	15.402111228572782,Rumbler,	0.9071679734450658,	2025-04-05 10:25:29
1683,	73.99063344566642,	15.40205724212338,Rumbler,	0.5795024013969174,	2025-04-05 10:25:29
1684,	73.99070542759895,	15.40214721953905,Rumbler,	0.8760043598766686,	2025-04-05 10:25:29
1685,	73.99063344566642,	15.40203024889868,Rumbler,	0.12015402149798393,	2025-04-05 10:25:29
1686,	73.99073242082365,	15.402084235348081,Rumbler,	0.15789237725828853,	2025-04-05 10:25:29
1687,	73.99076841178992,	15.402021251157112,Rumbler,	0.7454422268153449,	2025-04-05 10:25:29
1688,	73.99066943663269,	15.402048244381813,Rumbler,	0.9882545189784459,	2025-04-05 10:25:29
1689,	73.99071442534051,	15.402165215022183,Rumbler,	0.5796889558731672,	2025-04-05 10:25:29
1690,	73.9904221209981,	15.40360771355151,Rumbler,	0.8595278197570847,	2025-04-05 10:25:29
1691,	73.99030515035774,	15.403481745169573,Rumbler,	0.9762810231674653,	2025-04-05 10:25:29
1692,	73.99039512777341,	15.403553727102109,Rumbler,	0.6487816527190501,	2025-04-05 10:25:29
1693,	73.99041312325654,	15.40360771355151,Rumbler,	0.5195083463293931,	2025-04-05 10:25:29
1694,	73.99045811196437,	15.403643704517778,Rumbler,	0.7424378370199871,	2025-04-05 10:25:29
1695,	73.99043111873968,	15.403553727102109,Rumbler,	0.4390338061497342,	2025-04-05 10:25:29
1696,	73.99032314584088,	15.403625709034644,Rumbler,	0.9900602226312485,	2025-04-05 10:25:29
1697,	73.99048510518908,	15.403643704517778,Rumbler,	0.1986895328632472,	2025-04-05 10:25:29
1698,	73.99043111873968,	15.403553727102109,Rumbler,	0.5574775623697688,	2025-04-05 10:25:29
1699,	73.99034114132401,	15.403571722585243,Rumbler,	0.5556245853683437,	2025-04-05 10:25:29
1700,	73.99212384421376,	15.407225689117576,Cracks,	0.49031781472889546,	2025-04-05 10:25:29
1701,	73.9921958261463,	15.407225689117576,Cracks,	0.43571425230852634,	2025-04-05 10:25:29
1702,	73.9921418396969,	15.407225689117576,Cracks,	0.7015375750071182,	2025-04-05 10:25:29
1703,	73.9920608600228,	15.407090722994072,Cracks,	0.9060739549392345,	2025-04-05 10:25:29
1704,	73.99208785324751,	15.407054732027804,Cracks,	0.4409385634065275,	2025-04-05 10:25:29
1705,	73.99203386679811,	15.407189698151308,Cracks,	0.12234510334837789,	2025-04-05 10:25:29
1706,	73.99208785324751,	15.40715370718504,Cracks,	0.8159927628971102,	2025-04-05 10:25:29
1707,	73.99209685098907,	15.407045734286237,Cracks,	0.6968013628854541,	2025-04-05 10:25:29
1708,	73.99210584873065,	15.407099720735639,Cracks,	0.7505943316822667,	2025-04-05 10:25:29
1709,	73.99215083743847,	15.407207693634442,Cracks,	0.8934808585785087,	2025-04-05 10:25:29
1710,	73.99018977183974,	15.404906857692675,SpeedBreaker,	0.6719746798764832,	2025-04-05 10:25:29
1711,	73.99016277861504,	15.404897859951108,SpeedBreaker,	0.22809128053640704,	2025-04-05 10:25:29
1712,	73.99008179894095,	15.404987837366777,SpeedBreaker,	0.30557459998826375,	2025-04-05 10:25:29
1713,	73.99016277861504,	15.404960844142076,SpeedBreaker,	0.03687619147774712,	2025-04-05 10:25:29
1714,	73.99010879216564,	15.40495184640051,SpeedBreaker,	0.5735400468088011,	2025-04-05 10:25:29
1715,	73.99006380345782,	15.40486186898484,SpeedBreaker,	0.18832897538469107,	2025-04-05 10:25:29
1716,	73.99012678764878,	15.40497883962521,SpeedBreaker,	0.47034211861687647,	2025-04-05 10:25:29
1717,	73.99007280119937,	15.404852871243273,SpeedBreaker,	0.19778338040893284,	2025-04-05 10:25:29
1718,	73.99006380345782,	15.404879864467974,SpeedBreaker,	0.28070340849703856,	2025-04-05 10:25:29
1719,	73.99016277861504,	15.40500583284991,SpeedBreaker,	0.49231639204736644,	2025-04-05 10:25:29
1720,	74.01124790846548,	15.368822825687607,Cracks,	0.16168582781707608,	2025-04-05 10:25:29
1721,	74.01113093782511,	15.368858816653875,Cracks,	0.7829888816032424,	2025-04-05 10:25:29
1722,	74.01109494685885,	15.368750843755072,Cracks,	0.8264943873086773,	2025-04-05 10:25:29
1723,	74.01120291975764,	15.368867814395442,Cracks,	0.9907147312564395,	2025-04-05 10:25:29
1724,	74.01112194008354,	15.368831823429174,Cracks,	0.19708683905323465,	2025-04-05 10:25:29
1725,	74.0111039446004,	15.368885809878575,Cracks,	0.8037038628193283,	2025-04-05 10:25:29
1726,	74.01111294234198,	15.368741846013505,Cracks,	0.6785866523095435,	2025-04-05 10:25:29
1727,	74.01111294234198,	15.368777836979772,Cracks,	0.28631766806246295,	2025-04-05 10:25:29
1728,	74.01107695137571,	15.368822825687607,Cracks,	0.12996611673408953,	2025-04-05 10:25:29
1729,	74.01111294234198,	15.368795832462906,Cracks,	0.36898668236674925,	2025-04-05 10:25:29
1730,	74.00981340895659,	15.369283309000881,SpeedBreaker,	0.1325713654603674,	2025-04-05 10:25:29
1731,	74.00983140443972,	15.36922932255148,SpeedBreaker,	0.5775321820031281,	2025-04-05 10:25:29
1732,	74.00979541347346,	15.369310302225582,SpeedBreaker,	0.7600428104148333,	2025-04-05 10:25:29
1733,	74.00974142702407,	15.36934629319185,SpeedBreaker,	0.11927960211866395,	2025-04-05 10:25:29
1734,	74.0097324292825,	15.369184333843645,SpeedBreaker,	0.8837129390080136,	2025-04-05 10:25:29
1735,	74.0097054360578,	15.369238320293046,SpeedBreaker,	0.46623205797724365,	2025-04-05 10:25:29
1736,	74.00983140443972,	15.369355290933417,SpeedBreaker,	0.6190000640239237,	2025-04-05 10:25:29
1737,	74.00975042476563,	15.369328297708716,SpeedBreaker,	0.20978560127227086,	2025-04-05 10:25:29
1738,	74.0097594225072,	15.369247318034613,SpeedBreaker,	0.5608053201056434,	2025-04-05 10:25:29
1739,	74.00982240669816,	15.369319299967149,SpeedBreaker,	0.1489847992882618,	2025-04-05 10:25:29
1740,	73.99857120395387,	15.38779193867597,Cracks,	0.8805872051602378,	2025-04-05 10:25:29
1741,	73.99863418814485,	15.387818931900672,Cracks,	0.011129772755901213,	2025-04-05 10:25:29
1742,	73.99866118136954,	15.387692963518735,Cracks,	0.6316576787813796,	2025-04-05 10:25:29
1743,	73.99857120395387,	15.387728954485002,Cracks,	0.4291247680905049,	2025-04-05 10:25:29
1744,	73.9986701791111,	15.387683965777168,Cracks,	0.19541331847983867,	2025-04-05 10:25:29
1745,	73.99866118136954,	15.38776494545127,Cracks,	0.09793442561965071,	2025-04-05 10:25:29
1746,	73.99864318588641,	15.38776494545127,Cracks,	0.30428504049581695,	2025-04-05 10:25:29
1747,	73.99857120395387,	15.387782940934404,Cracks,	0.2724184699751415,	2025-04-05 10:25:29
1748,	73.99865218362797,	15.387746949968136,Cracks,	0.3989864804128922,	2025-04-05 10:25:29
1749,	73.99855320847074,	15.387692963518735,Cracks,	0.7713849726763453,	2025-04-05 10:25:29
1750,	73.99937355662259,	15.387050578171136,Cracks,	0.32353322165135756,	2025-04-05 10:25:29
1751,	73.99947253177982,	15.386897616564498,Cracks,	0.9635409139171375,	2025-04-05 10:25:29
1752,	73.99953551597078,	15.387059575912703,Cracks,	0.5439210481789241,	2025-04-05 10:25:29
1753,	73.99944553855512,	15.386996591721735,Cracks,	0.34388699033935544,	2025-04-05 10:25:29
1754,	73.99938255436415,	15.386960600755467,Cracks,	0.8768361235290664,	2025-04-05 10:25:29
1755,	73.99939155210572,	15.387014587204868,Cracks,	0.144339592076432,	2025-04-05 10:25:29
1756,	73.99940954758885,	15.386933607530766,Cracks,	0.8861388698198471,	2025-04-05 10:25:29
1757,	73.99936455888101,	15.387005589463302,Cracks,	0.35529302228268134,	2025-04-05 10:25:29
1758,	73.99949052726295,	15.386897616564498,Cracks,	0.3578364944717086,	2025-04-05 10:25:29
1759,	73.99940054984728,	15.386906614306065,Cracks,	0.6826718715056622,	2025-04-05 10:25:29
1760,	74.00074651609775,	15.385038961183833,Rumbler,	0.13485190191709584,	2025-04-05 10:25:29
1761,	74.00077350932246,	15.384948983768163,Rumbler,	0.4477618904292371,	2025-04-05 10:25:29
1762,	74.00079150480559,	15.384921990543463,Rumbler,	0.6321451306061606,	2025-04-05 10:25:29
1763,	74.00077350932246,	15.384939986026597,Rumbler,	0.9541926283220443,	2025-04-05 10:25:29
1764,	74.0006565386821,	15.385056956666967,Rumbler,	0.5638124971569322,	2025-04-05 10:25:29
1765,	74.00080950028872,	15.384921990543463,Rumbler,	0.274056195916323,	2025-04-05 10:25:29
1766,	74.00076451158088,	15.385002970217565,Rumbler,	0.6907764937649676,	2025-04-05 10:25:29
1767,	74.00075551383932,	15.385002970217565,Rumbler,	0.056857762472279916,	2025-04-05 10:25:29
1768,	74.00063854319896,	15.384885999577195,Rumbler,	0.9562826768254303,	2025-04-05 10:25:29
1769,	74.00075551383932,	15.38493098828503,Rumbler,	0.7298398627510201,	2025-04-05 10:25:29
1770,	74.00108357705625,	15.384810901355635,Rumbler,	0.9435073057428028,	2025-04-05 10:25:29
1771,	74.00107457931468,	15.384774910389368,Rumbler,	0.39121079554505256,	2025-04-05 10:25:29
1772,	74.00095760867431,	15.384864887805037,Rumbler,	0.12427979196428895,	2025-04-05 10:25:29
1773,	74.00097560415745,	15.38482889683877,Rumbler,	0.002960072471041464,	2025-04-05 10:25:29
1774,	74.00111956802252,	15.384864887805037,Rumbler,	0.8020201675351257,	2025-04-05 10:25:29
1775,	74.00105658383154,	15.384846892321903,Rumbler,	0.9206116946389615,	2025-04-05 10:25:29
1776,	74.00111956802252,	15.384783908130935,Rumbler,	0.30976672343174205,	2025-04-05 10:25:29
1777,	74.00102059286529,	15.384846892321903,Rumbler,	0.08350290164516383,	2025-04-05 10:25:29
1778,	74.00108357705625,	15.38482889683877,Rumbler,	0.8121336862764148,	2025-04-05 10:25:29
1779,	74.00103858834841,	15.384936869737572,Rumbler,	0.42988131340039837,	2025-04-05 10:25:29
1780,	74.0017025052103,	15.384240968286415,Pothole,	0.6376631772425523,	2025-04-05 10:25:29
1781,	74.00184646907537,	15.384240968286415,Pothole,	0.8525439508347333,	2025-04-05 10:25:29
1782,	74.0017564916597,	15.384366936668352,Pothole,	0.7864948898850666,	2025-04-05 10:25:29
1783,	74.00174749391815,	15.384348941185218,Pothole,	0.5219333422520113,	2025-04-05 10:25:29
1784,	74.00172050069344,	15.38419597957858,Pothole,	0.1265166952195761,	2025-04-05 10:25:29
1785,	74.00166651424404,	15.384357938926785,Pothole,	0.8519638521582936,	2025-04-05 10:25:29
1786,	74.00184646907537,	15.38431295021895,Pothole,	0.14760280578079032,	2025-04-05 10:25:29
1787,	74.00181947585067,	15.38419597957858,Pothole,	0.8736704212588415,	2025-04-05 10:25:29
1788,	74.00184646907537,	15.384231970544848,Pothole,	0.9566646228119604,	2025-04-05 10:25:29
1789,	74.00174749391815,	15.38431295021895,Pothole,	0.7480646802589596,	2025-04-05 10:25:29
1790,	74.00534691486975,	15.382833964007101,Rumbler,	0.20236530350225768,	2025-04-05 10:25:29
1791,	74.00534691486975,	15.382851959490235,Rumbler,	0.45544992533326456,	2025-04-05 10:25:29
1792,	74.0054908787348,	15.382743986591432,Rumbler,	0.9719436792893266,	2025-04-05 10:25:29
1793,	74.00537390809444,	15.382725991108298,Rumbler,	0.33951998342198864,	2025-04-05 10:25:29
1794,	74.00545488776854,	15.382761982074566,Rumbler,	0.06735839267798027,	2025-04-05 10:25:29
1795,	74.00545488776854,	15.382716993366731,Rumbler,	0.8022740143209295,	2025-04-05 10:25:29
1796,	74.0054908787348,	15.382851959490235,Rumbler,	0.5687082265110098,	2025-04-05 10:25:29
1797,	74.00549987647638,	15.382842961748668,Rumbler,	0.9531563999872364,	2025-04-05 10:25:29
1798,	74.00547288325167,	15.382761982074566,Rumbler,	0.37850348032266057,	2025-04-05 10:25:29
1799,	74.00533791712817,	15.382851959490235,Rumbler,	0.8759316075654423,	2025-04-05 10:25:29
1800,	74.00730532761186,	15.379957149445236,SpeedBreaker,	0.45473129882961993,	2025-04-05 10:25:29
1801,	74.00726933664559,	15.379912160737401,SpeedBreaker,	0.9923253055190979,	2025-04-05 10:25:29
1802,	74.007323323095,	15.379921158478968,SpeedBreaker,	0.8743770887432337,	2025-04-05 10:25:29
1803,	74.00730532761186,	15.379948151703669,SpeedBreaker,	0.09957963114947399,	2025-04-05 10:25:29
1804,	74.00716136374679,	15.379894165254267,SpeedBreaker,	0.44457794886198254,	2025-04-05 10:25:29
1805,	74.00720635245463,	15.380056124602472,SpeedBreaker,	0.9605620720747711,	2025-04-05 10:25:29
1806,	74.00726933664559,	15.379876169771133,SpeedBreaker,	0.4847932673679346,	2025-04-05 10:25:29
1807,	74.00734131857813,	15.379903162995834,SpeedBreaker,	0.7686543640422138,	2025-04-05 10:25:29
1808,	74.00721535019619,	15.379993140411504,SpeedBreaker,	0.6993387093585656,	2025-04-05 10:25:29
1809,	74.00717935922992,	15.379939153962102,SpeedBreaker,	0.05238274474311355,	2025-04-05 10:25:29
1810,	74.00841870283121,	15.377216263600289,SpeedBreaker,	0.32790551278072566,	2025-04-05 10:25:29
1811,	74.00838271186494,	15.377306241015958,SpeedBreaker,	0.17310650797506089,	2025-04-05 10:25:29
1812,	74.00854467121314,	15.377162277150887,SpeedBreaker,	0.3176264294698973,	2025-04-05 10:25:29
1813,	74.00847268928061,	15.377297243274391,SpeedBreaker,	0.4239200807965787,	2025-04-05 10:25:29
1814,	74.00854467121314,	15.377198268117155,SpeedBreaker,	0.19490183482506707,	2025-04-05 10:25:29
1815,	74.00841870283121,	15.37715327940932,SpeedBreaker,	0.4580175086907623,	2025-04-05 10:25:29
1816,	74.00841870283121,	15.377135283926187,SpeedBreaker,	0.3557552683280746,	2025-04-05 10:25:29
1817,	74.0084996825053,	15.377279247791257,SpeedBreaker,	0.48387867154770137,	2025-04-05 10:25:29
1818,	74.00840970508965,	15.377171274892454,SpeedBreaker,	0.7036484035231826,	2025-04-05 10:25:29
1819,	74.00844569605592,	15.377198268117155,SpeedBreaker,	0.5476319779134003,	2025-04-05 10:25:29
1820,	73.98092607887708,	15.420798340784557,Pothole,	0.24955057333932162,	2025-04-05 10:25:29
1821,	73.98098006532648,	15.420834331750825,Pothole,	0.19151946337988246,	2025-04-05 10:25:29
1822,	73.98089008791081,	15.42076234981829,Pothole,	0.42048872568955786,	2025-04-05 10:25:29
1823,	73.98094407436021,	15.420735356593589,Pothole,	0.600600473742633,	2025-04-05 10:25:29
1824,	73.98094407436021,	15.420834331750825,Pothole,	0.636416596371088,	2025-04-05 10:25:29
1825,	73.98088109016925,	15.42087932045866,Pothole,	0.15432541725075044,	2025-04-05 10:25:29
1826,	73.98087209242767,	15.420843329492392,Pothole,	0.6197806450180027,	2025-04-05 10:25:29
1827,	73.98085409694454,	15.42076234981829,Pothole,	0.09450898474848368,	2025-04-05 10:25:29
1828,	73.98094407436021,	15.42076234981829,Pothole,	0.5993814170781335,	2025-04-05 10:25:29
1829,	73.98084509920298,	15.420861324975526,Pothole,	0.384678244063527,	2025-04-05 10:25:29
1830,	73.98109849515217,	15.4210569182077,Rumbler,	0.13173462782941492,	2025-04-05 10:25:29
1831,	73.98110749289373,	15.421101906915535,Rumbler,	0.7223206752007268,	2025-04-05 10:25:29
1832,	73.9810894974106,	15.42117388884807,Rumbler,	0.511828923163493,	2025-04-05 10:25:29
1833,	73.98113448611842,	15.421047920466133,Rumbler,	0.23616292885099133,	2025-04-05 10:25:29
1834,	73.9810894974106,	15.421038922724566,Rumbler,	0.6698313865446344,	2025-04-05 10:25:29
1835,	73.98104450870277,	15.421065915949267,Rumbler,	0.4028422688337082,	2025-04-05 10:25:29
1836,	73.98101751547806,	15.421137897881803,Rumbler,	0.9310197361228666,	2025-04-05 10:25:29
1837,	73.98109849515217,	15.421119902398669,Rumbler,	0.5415361829014316,	2025-04-05 10:25:29
1838,	73.98110749289373,	15.421047920466133,Rumbler,	0.3835206769026688,	2025-04-05 10:25:29
1839,	73.98113448611842,	15.421128900140236,Rumbler,	0.7391657002390329,	2025-04-05 10:25:29
